{
  "cv_accuracy_mean": 0.6062702164717592,
  "cv_accuracy_std": 0.007338405083050032,
  "cv_scores": [
    0.6118437422244339,
    0.5996516546404578,
    0.6168201045036079,
    0.5971634735008708,
    0.6058721074894252
  ],
  "classes": [
    "Draw",
    "Loss",
    "Win"
  ],
  "n_training_rows": 20095,
  "model_type": "XGBoost"
}