{
  "cv_accuracy_mean": 0.6005557610472105,
  "cv_accuracy_std": 0.0052152024340773205,
  "cv_scores": [
    0.5906668819635071,
    0.6006781850476344,
    0.602292911351526,
    0.6057816537467701,
    0.603359173126615
  ],
  "classes": [
    "Draw",
    "Loss",
    "Win"
  ],
  "n_training_rows": 30963,
  "model_type": "XGBoost"
}